{"edge_mean": [6.057350293282946e-15, -1.167654992470903e-14, -1.2542319240756595e-14, 0.003517354605719447], "edge_std": [0.0027790565509349108, 0.0017094241920858622, 0.0015063582686707377, 0.0007366249919869006]}