{"p_mean": [-177.37619018554688], "wallShearStress_mean": [-2.4589219093322754, -0.21597883105278015, -0.04961564764380455], "velocity_mean": [39.019996643066406], "reynolds_number_mean": [2744866.5], "length_mean": [1041.900390625], "width_mean": [387.74005126953125], "height_mean": [285.12994384765625], "ground_clearance_mean": [59.60002136230469], "slant_angle_mean": [20.465007781982422], "fillet_radius_mean": [100.1700439453125], "p_std": [348.92913818359375], "wallShearStress_std": [2.122810125350952, 0.9021371603012085, 0.9767812490463257], "velocity_std": [11.201147079467773], "reynolds_number_std": [919424.5625], "length_std": [176.24876403808594], "width_std": [68.10125732421875], "height_std": [34.238250732421875], "ground_clearance_std": [17.134342193603516], "slant_angle_std": [11.526983261108398], "fillet_radius_std": [11.717958450317383]}