{
    "output": {
        "u10m": {
            "mean": 0.4673719540903153,
            "std": 3.6313928895626684
        },
        "v10m": {
            "mean": -0.36202645567688896,
            "std": 4.247310210549921
        },
        "t2m": {
            "mean": 288.0632628707135,
            "std": 9.80320962671899
        },
        "precip": {
            "mean": 0.0941048822852847,
            "std": 0.9214894935349084
        },
        "cat_snow": {
            "mean": 0.0,
            "std": 1.0
        },
        "cat_ice": {
            "mean": 0.0,
            "std": 1.0
        },
        "cat_freez": {
            "mean": 0.0,
            "std": 1.0
        },
        "cat_rain": {
            "mean": 0.0,
            "std": 1.0
        },
        "cat_none": {
            "mean": 0.0,
            "std": 1.0
        },
        "refc": {
            "mean": -6.568370109136274,
            "std": 8.709994791606416
        }
    },
    "input": {
        "u10m": {
            "mean": 0.3169804836967098,
            "std": 3.919955126156003
        },
        "v10m": {
            "mean": -0.3300525054251922,
            "std": 4.275941242590946
        },
        "t2m": {
            "mean": 287.3416024168409,
            "std": 9.375214641787425
        },
        "q2m": {
            "mean": 70.28073277090782,
            "std": 19.500517067868703
        },
        "sp": {
            "mean": 96980.14665879129,
            "std": 6788.522746323751
        },
        "msl": {
            "mean": 101637.90462558823,
            "std": 626.0393463813048
        },
        "precipitable_water": {
            "mean": 20.009022355502545,
            "std": 11.129985442216732
        },
        "u1000": {
            "mean": 0.4261978731409251,
            "std": 4.5251786222779495
        },
        "u925": {
            "mean": 1.1167022573471292,
            "std": 5.689801018128087
        },
        "u850": {
            "mean": 2.5132216175753084,
            "std": 6.079497363462512
        },
        "u700": {
            "mean": 5.844837067627397,
            "std": 7.233931586910143
        },
        "u500": {
            "mean": 10.858669350599971,
            "std": 9.997721325366541
        },
        "u250": {
            "mean": 20.882360531349534,
            "std": 15.63706060269748
        },
        "v1000": {
            "mean": -0.327895534519911,
            "std": 5.012322696277434
        },
        "v925": {
            "mean": -0.0345063382949225,
            "std": 6.241619243821428
        },
        "v850": {
            "mean": 0.0800314514424931,
            "std": 6.325971946326217
        },
        "v700": {
            "mean": -0.019832099242258604,
            "std": 7.011144428296307
        },
        "v500": {
            "mean": -0.22808858827532807,
            "std": 9.8698820804988
        },
        "v250": {
            "mean": -0.13799345777717847,
            "std": 16.098013070050104
        },
        "z1000": {
            "mean": 136.62695599541146,
            "std": 51.32495250678173
        },
        "z925": {
            "mean": 791.9187652089062,
            "std": 52.93137339577721
        },
        "z850": {
            "mean": 1496.363790254078,
            "std": 60.577268176223136
        },
        "z700": {
            "mean": 3085.2232567204733,
            "std": 91.7325886861509
        },
        "z500": {
            "mean": 5718.230989242892,
            "std": 150.69544200871374
        },
        "z200": {
            "mean": 12063.695535959943,
            "std": 255.92136565093082
        },
        "t1000": {
            "mean": 289.05802862091826,
            "std": 8.787590470362002
        },
        "t925": {
            "mean": 285.39462041760856,
            "std": 8.429500618139379
        },
        "t850": {
            "mean": 282.6130628608504,
            "std": 8.023190418918551
        },
        "t700": {
            "mean": 274.93740731555516,
            "std": 7.096087345137139
        },
        "t500": {
            "mean": 259.0071535869408,
            "std": 6.299534150407472
        },
        "t100": {
            "mean": 209.52585746575886,
            "std": 7.039973157022135
        },
        "r1000": {
            "mean": 67.84344946347554,
            "std": 20.09633354323736
        },
        "r925": {
            "mean": 66.70090674304679,
            "std": 24.82529627214566
        },
        "r850": {
            "mean": 56.38468252349463,
            "std": 27.794071806969363
        },
        "r700": {
            "mean": 44.89383983219003,
            "std": 29.16092352739711
        },
        "r500": {
            "mean": 41.450206446427075,
            "std": 31.035360929528316
        },
        "r100": {
            "mean": 10.185088683286025,
            "std": 11.278581604097297
        }
    }
}